0.0,0.0,0
0.0,0.0,1
0.0,0.0,2
0.0,0.0,31
0.0,0.0,32
0.0,0.0,33
0.0,0.0,34
0.0,0.0,62
0.0,0.0,63
0.0,0.0,65
0.0,0.0,67
0.0,0.0,94
0.0,0.0,95
0.0,0.0,97
0.0,0.0,101
0.0,0.0,143
0.0,0.0,144
0.0,0.0,145
0.0,0.0,151
0.0,0.0,186
0.0,0.0,193
0.0,0.0,194
0.0,0.0,231
0.0,0.0,232
0.0,0.0,234
0.0,0.0,241
0.0,0.0,263
0.0,0.0,267
0.0,0.0,272
0.0,0.0,273
0.0,0.0,295
0.0,0.0,296
0.0,0.0,300
0.0,0.0,305
0.0,-0.1,332
0.0,0.0,333
0.0,0.0,337
0.0,0.0,367
0.0,0.0,368
0.0,0.0,369
0.0,0.0,399
0.0,0.0,401
0.0,0.0,430
0.0,0.0,431
0.0,0.0,432
0.0,-0.1,462
0.0,-0.1,464
0.0,-0.1,465
0.0,-0.1,494
0.0,-0.1,496
0.0,-0.1,497
0.0,-0.1,499
0.0,-0.1,525
0.0,-0.1,528
0.0,0.0,532
0.0,0.0,555
0.0,0.0,556
0.0,0.0,560
0.0,0.0,561
0.0,0.0,565
0.0,0.0,585
0.0,0.0,592
0.0,0.0,593
0.0,-0.1,623
0.0,0.0,624
0.0,0.0,625
0.0,-0.1,631
0.0,-0.2,653
0.0,-0.2,654
0.0,-0.2,656
0.0,-0.3,686
0.0,-0.4,687
0.0,-0.4,688
0.0,-0.4,689
0.0,-0.5,725
0.0,-1.0,731
0.0,-1.1,758
0.0,-1.4,764
0.0,-1.6,793
0.0,-1.9,797
0.0,-1.9,800
0.0,-2.1,829
0.0,-2.4,830
0.0,-2.4,832
0.0,-2.6,866
0.0,-2.8,867
-0.8,-3.0,907
-1.2,-3.5,912
-1.2,-3.8,939
-1.2,-3.8,940
-1.4,-3.8,944
-1.4,-4.1,946
-1.4,-4.2,971
-1.4,-4.2,977
-1.8,-4.7,979
-1.8,-5.0,1002
-1.8,-5.0,1008
-1.8,-5.0,1010
-1.8,-5.3,1012
-1.8,-5.7,1032
-2.4,-5.7,1040
-2.4,-6.0,1062
-3.0,-7.1,1094
-3.0,-7.7,1095
-3.0,-8.2,1126
-3.6,-8.2,1127
-3.6,-8.8,1129
-3.6,-9.5,1158
-4.4,-10.3,1162
-4.4,-10.9,1195
-5.2,-11.7,1196
-5.2,-11.7,1200
-5.2,-11.7,1201
-5.2,-12.4,1226
-5.2,-13.2,1227
-5.2,-13.2,1233
-6.2,-14.0,1257
-6.2,-15.0,1261
-6.2,-15.0,1264
-6.2,-15.0,1265
-7.2,-15.9,1295
-7.2,-16.8,1296
-7.2,-16.8,1297
-7.2,-18.0,1328
-8.4,-18.8,1329
-8.4,-19.9,1360
-8.4,-21.0,1361
-9.8,-22.1,1393
-11.4,-24.4,1427
-11.4,-25.7,1428
-11.4,-27.1,1459
-13.0,-30.0,1488
-13.0,-30.0,1489
-14.6,-31.4,1492
-14.6,-32.7,1518
-14.6,-32.7,1521
-14.6,-34.4,1526
-16.6,-35.9,1570
-16.6,-37.5,1571
-18.6,-39.0,1576
-18.6,-40.4,1601
-18.6,-40.4,1602
-18.6,-41.8,1608
-18.6,-43.3,1631
-20.6,-43.3,1632
-20.6,-44.7,1661
-22.6,-46.1,1665
-22.6,-47.5,1690
-22.6,-47.5,1691
-22.6,-48.8,1696
-22.6,-48.8,1697
-24.8,-50.2,1719
-24.8,-51.5,1724
-24.8,-51.5,1729
-24.8,-52.7,1750
-27.0,-52.7,1751
-27.0,-53.9,1758
-27.0,-53.9,1760
-27.0,-55.0,1781
-29.2,-56.4,1791
-29.2,-57.6,1813
-29.2,-57.6,1814
-29.2,-58.8,1848
-31.4,-59.9,1849
-31.4,-59.9,1856
-31.4,-61.1,1857
-31.4,-62.4,1891
-33.6,-64.9,1929
-35.8,-66.0,1936
-35.8,-67.3,1957
-38.0,-69.6,1987
-38.0,-69.6,1988
-38.0,-70.7,1990
-40.2,-71.8,2017
-40.2,-73.0,2023
-40.2,-74.1,2046
-42.2,-74.1,2049
-42.2,-75.3,2056
-42.2,-76.4,2075
-42.2,-76.4,2076
-42.2,-76.4,2081
-44.4,-77.6,2117
-44.4,-78.7,2118
-44.4,-80.0,2122
-46.4,-81.2,2155
-46.4,-82.3,2160
-46.4,-82.3,2161
-48.4,-83.5,2185
-48.4,-84.7,2188
-48.4,-84.7,2192
-48.4,-85.8,2216
-50.6,-86.9,2222
-50.6,-86.9,2224
-50.6,-88.1,2247
-50.6,-89.3,2255
-52.6,-89.3,2256
-52.6,-89.3,2257
-52.6,-90.4,2282
-52.6,-91.6,2287
-52.6,-91.6,2289
-54.6,-92.7,2311
-54.6,-92.7,2320
-54.6,-94.9,2340
-56.4,-96.1,2369
-56.4,-96.1,2370
-58.4,-98.4,2413
-58.4,-99.5,2414
-58.4,-99.5,2417
-60.4,-100.7,2420
-60.4,-102.0,2443
-60.4,-102.0,2444
-60.4,-102.0,2448
-60.4,-102.0,2449
-60.4,-103.2,2473
-62.4,-104.4,2474
-62.4,-104.4,2481
-62.4,-105.7,2510
-62.4,-107.0,2511
-64.2,-107.0,2512
-64.2,-108.4,2520
-64.2,-109.7,2541
-64.2,-109.7,2544
-66.2,-111.1,2571
-66.2,-112.4,2576
-66.2,-112.4,2577
-68.0,-113.8,2601
-68.0,-115.2,2602
-68.0,-115.2,2608
-68.0,-116.6,2631
-70.0,-118.1,2636
-70.0,-118.1,2640
-70.0,-118.1,2641
-70.0,-119.5,2663
-70.0,-120.9,2669
-70.0,-120.9,2672
-71.8,-120.9,2673
-71.8,-122.1,2695
-71.8,-123.4,2702
-71.8,-123.4,2704
-73.8,-124.6,2727
-73.8,-124.6,2728
-73.8,-125.9,2735
-73.8,-125.9,2736
-73.8,-127.0,2757
-73.8,-127.0,2758
-75.6,-128.1,2789
-75.6,-129.3,2790
-75.6,-130.4,2820
-75.6,-131.4,2821
-77.4,-132.5,2867
-79.4,-135.7,2901
-81.2,-137.9,2940
-81.2,-138.9,2941
-82.8,-138.9,2944
-82.8,-138.9,2945
-82.8,-140.1,2950
-82.8,-141.0,2971
-84.6,-141.0,2976
-84.6,-142.1,3000
-84.6,-143.1,3009
-86.4,-144.0,3037
-86.4,-144.9,3040
-86.4,-145.7,3072
-88.2,-146.6,3073
-88.2,-147.4,3082
-88.2,-148.3,3103
-89.8,-148.3,3104
-89.8,-148.3,3105
-89.8,-149.3,3133
-89.8,-150.0,3134
-89.8,-150.0,3136
-91.4,-150.9,3162
-91.4,-150.9,3163
-91.4,-151.6,3165
-91.4,-151.6,3168
-91.4,-151.6,3169
-91.4,-152.5,3193
-92.8,-153.2,3199
-92.8,-153.2,3200
-92.8,-154.1,3222
-92.8,-154.1,3223
-94.4,-154.9,3231
-94.4,-154.9,3232
-94.4,-155.8,3253
-94.4,-156.6,3282
-94.4,-157.5,3283
-95.8,-158.3,3313
-97.0,-159.1,3315
-97.0,-159.9,3343
-97.0,-159.9,3344
-97.0,-159.9,3345
-98.4,-160.7,3348
-98.4,-161.5,3373
-98.4,-161.5,3376
-98.4,-162.2,3381
-98.4,-162.8,3418
-99.6,-163.6,3424
-100.8,-164.2,3449
-100.8,-165.0,3456
-100.8,-165.6,3479
-100.8,-165.6,3480
-102.0,-166.2,3488
-102.0,-166.2,3489
-102.0,-166.8,3526
-103.2,-167.4,3527
-103.2,-168.0,3530
-103.2,-168.0,3535
-103.2,-168.0,3536
-103.2,-168.7,3558
-103.2,-169.4,3563
-104.4,-169.4,3567
-104.4,-170.2,3589
-104.4,-170.2,3590
-104.4,-170.9,3597
-104.4,-171.6,3620
-105.6,-171.6,3621
-105.6,-172.3,3629
-105.6,-173.0,3651
-105.6,-173.0,3652
-106.6,-173.5,3682
-106.6,-174.2,3683
-107.8,-174.9,3713
-107.8,-176.3,3743
-107.8,-176.3,3744
-109.0,-176.9,3745
-109.0,-177.6,3782
-109.0,-178.2,3783
-110.0,-178.2,3792
-110.0,-178.9,3813
-110.0,-179.6,3814
-111.0,-180.1,3846
-111.0,-180.7,3847
-111.0,-180.7,3856
-112.2,-181.3,3879
-112.2,-182.0,3880
-112.2,-182.0,3888
-112.2,-182.0,3889
-112.2,-182.7,3912
-113.2,-183.2,3913
-113.2,-183.2,3920
-113.2,-183.9,3942
-114.2,-184.4,3944
-114.2,-184.4,3951
-114.2,-184.4,3952
-114.2,-185.0,3981
-114.2,-185.6,3984
-115.2,-186.1,4012
-115.2,-186.7,4016
-115.2,-187.3,4043
-116.2,-187.8,4044
-116.2,-187.8,4048
-116.2,-188.4,4074
-117.2,-189.0,4077
-117.2,-189.0,4080
-117.2,-189.6,4104
-117.2,-189.6,4105
-117.2,-190.2,4110
-117.2,-190.2,4112
-118.2,-190.7,4135
-118.2,-191.1,4144
-119.0,-191.7,4171
-119.0,-192.3,4176
-119.0,-192.9,4217
-120.0,-193.6,4218
-120.0,-193.6,4223
-120.0,-193.6,4224
-120.0,-194.0,4226
-120.0,-194.6,4247
-120.8,-194.6,4255
-120.8,-194.6,4256
-120.8,-194.6,4257
-120.8,-195.1,4287
-121.6,-195.6,4288
-121.6,-195.6,4289
-121.6,-196.1,4292
-121.6,-196.5,4317
-121.6,-196.5,4318
-121.6,-196.5,4320
-122.4,-197.0,4325
-122.4,-197.4,4356
-122.4,-197.9,4358
-122.4,-198.4,4387
-123.2,-198.7,4392
-123.2,-199.2,4418
-124.0,-199.6,4425
-124.0,-199.9,4449
-124.6,-200.2,4458
-124.6,-200.5,4481
-124.6,-200.9,4512
-125.2,-201.6,4543
-126.0,-201.9,4544
-126.0,-202.3,4576
-126.6,-202.8,4607
-126.6,-203.1,4608
-126.6,-203.1,4609
-126.6,-203.4,4638
-127.2,-203.4,4639
-127.2,-203.6,4640
-127.2,-203.8,4671
-127.6,-204.1,4674
-127.6,-204.4,4705
-128.0,-204.6,4706
-128.0,-204.8,4747
-128.0,-204.9,4752
-128.6,-204.9,4753
-128.6,-205.1,4756
-128.6,-205.3,4779
-128.6,-205.3,4784
-129.0,-205.5,4813
-129.0,-205.6,4816
-129.0,-205.9,4848
-129.0,-206.0,4849
-129.4,-206.2,4856
-129.4,-206.4,4879
-129.4,-206.4,4880
-129.6,-206.5,4889
-129.6,-206.5,4911
-129.6,-206.5,4912
-130.0,-206.7,4921
-130.0,-206.7,4944
-130.0,-206.9,4977
-130.2,-207.1,5008
-130.6,-207.2,5009
-130.6,-207.3,5040
-130.6,-207.4,5041
-130.6,-207.5,5078
-130.6,-207.6,5087
-130.8,-207.7,5117
-130.8,-207.7,5118
-130.8,-207.8,5120
-131.0,-207.9,5149
-131.0,-207.9,5152
-131.0,-207.9,5154
-131.0,-208.0,5180
-131.2,-208.0,5184
-131.2,-208.0,5186
-131.2,-208.0,5212
-131.2,-208.0,5215
-131.2,-208.0,5216
-131.2,-208.1,5220
-131.2,-208.1,5243
-131.2,-208.1,5244
-131.2,-208.1,5247
-131.4,-208.1,5253
-131.4,-208.1,5275
-131.4,-208.1,5280
-131.4,-208.1,5307
-131.4,-208.1,5312
-131.4,-208.1,5338
-131.4,-208.2,5339
-131.4,-208.2,5343
-131.6,-208.2,5344
-131.6,-208.2,5370
-131.6,-208.2,5371
-131.6,-208.2,5375
-131.6,-208.2,5401
-131.6,-208.2,5402
-131.6,-208.2,5407
-131.6,-208.2,5408
-131.6,-208.3,5433
-131.6,-208.2,5435
-131.6,-208.2,5439
-131.6,-208.2,5468
-131.6,-208.3,5469
-131.6,-208.3,5471
-131.6,-208.3,5501
-131.6,-208.3,5504
-131.6,-208.3,5547
-131.6,-208.2,5551
-131.6,-208.2,5552
-131.6,-208.3,5579
-131.6,-208.3,5584
-131.6,-208.3,5610
-131.6,-208.3,5616
-131.6,-208.3,5617
-131.6,-208.2,5652
-131.4,-208.2,5686
-131.4,-208.2,5695
-131.4,-208.2,5696
-131.4,-208.3,5718
-131.4,-208.2,5727
-131.4,-208.2,5728
-131.4,-208.3,5749
-131.4,-208.3,5750
-131.4,-208.3,5759
-131.4,-208.3,5780
-131.4,-208.3,5781
-131.4,-208.3,5783
-131.4,-208.3,5819
-131.4,-208.2,5824
-131.4,-208.2,5850
-131.4,-208.3,5851
-131.2,-208.3,5855
-131.2,-208.3,5856
-131.2,-208.3,5882
-131.2,-208.2,5887
-131.2,-208.2,5888
-131.2,-208.2,5926
-131.2,-208.3,5927
-131.2,-208.2,5932
-131.2,-208.2,5935
-131.2,-208.3,5957
-131.2,-208.3,5958
-131.2,-208.2,5965
-131.2,-208.2,5988
-131.0,-208.2,5989
-131.0,-208.2,6020
-131.0,-208.2,6021
-131.0,-208.2,6059
-131.0,-208.2,6064
-131.0,-208.1,6065
-131.0,-208.1,6093
-131.0,-208.1,6094
-131.0,-208.1,6096
-131.0,-208.1,6098
-131.0,-208.1,6126
-131.0,-208.1,6128
-131.0,-208.1,6131
-131.0,-208.1,6161
-130.8,-208.1,6162
-130.8,-208.1,6164
-130.8,-208.1,6195
-130.8,-208.1,6196
-130.8,-208.1,6197
-130.8,-208.1,6227
-130.8,-208.0,6231
-130.8,-208.0,6258
-130.8,-208.0,6259
-130.8,-207.9,6263
-130.8,-207.9,6291
-130.6,-207.9,6297
-130.6,-207.9,6323
-130.6,-207.9,6329
-130.6,-207.8,6355
-130.6,-207.8,6356
-130.4,-207.8,6363
-130.4,-207.8,6390
-130.4,-207.8,6391
-130.4,-207.7,6396
-130.4,-207.7,6399
-130.4,-207.7,6422
-130.4,-207.7,6429
-130.4,-207.7,6431
-130.4,-207.7,6432
-130.4,-207.7,6457
-130.4,-207.7,6458
-130.4,-207.7,6463
-130.4,-207.7,6493
-130.4,-207.6,6495
-130.4,-207.6,6524
-130.4,-207.6,6528
-130.2,-207.5,6556
-130.2,-207.5,6560
-130.2,-207.5,6562
-130.2,-207.5,6588
-130.2,-207.5,6589
-130.2,-207.5,6591
-130.2,-207.5,6595
-130.2,-207.4,6632
-130.2,-207.4,6633
-130.2,-207.4,6639
-130.2,-207.4,6669
-130.0,-207.4,6670
-130.0,-207.4,6671
-130.0,-207.3,6678
-130.0,-207.3,6707
-130.0,-207.3,6711
-130.0,-207.3,6739
-130.0,-207.3,6744
-130.0,-207.2,6773
-130.0,-207.2,6774
-130.0,-207.2,6777
-130.0,-207.2,6783
-130.0,-207.2,6805
-130.0,-207.2,6811
-130.0,-207.1,6836
-129.8,-207.1,6837
-129.8,-207.1,6843
-129.8,-207.1,6873
-129.8,-207.1,6874
-129.8,-207.1,6876
-129.8,-207.1,6879
-129.8,-207.1,6909
-129.8,-207.0,6910
-129.8,-207.0,6911
-129.8,-207.0,6940
-129.8,-207.0,6941
-129.8,-207.0,6943
-129.6,-207.0,6972
-129.6,-206.9,6975
-129.6,-206.9,6976
-129.6,-206.9,7003
-129.6,-206.9,7004
-129.6,-206.9,7007
-129.6,-206.9,7008
-129.6,-206.9,7036
-129.6,-206.9,7037
-129.6,-206.9,7039
-129.6,-206.9,7042
-129.6,-206.8,7067
-129.6,-206.8,7068
-129.6,-206.8,7071
-129.4,-206.8,7075
-129.4,-206.8,7103
-129.4,-206.7,7108
-129.4,-206.8,7144
-129.4,-206.7,7145
-129.4,-206.7,7151
-129.4,-206.7,7152
-129.4,-206.7,7177
-129.4,-206.7,7183
-129.4,-206.6,7210
-129.4,-206.6,7211
-129.4,-206.6,7215
-129.4,-206.6,7216
-129.4,-206.6,7243
-129.4,-206.6,7247
-129.2,-206.6,7274
-129.2,-206.6,7279
-129.2,-206.5,7307
-129.2,-206.5,7308
-129.2,-206.5,7311
-129.2,-206.5,7343
-129.2,-206.5,7344
-129.2,-206.5,7376
-129.2,-206.5,7407
-129.0,-206.5,7438
-129.0,-206.5,7440
-129.0,-206.4,7470
-129.0,-206.4,7471
-129.0,-206.4,7472
-129.0,-206.4,7473
-129.0,-206.4,7503
-129.0,-206.4,7506
-129.0,-206.4,7537
-129.0,-206.4,7538
-129.0,-206.3,7539
-129.0,-206.3,7572
-129.0,-206.3,7573
-129.0,-206.3,7603
-129.0,-206.3,7604
-129.0,-206.3,7605
-129.0,-206.2,7637
-129.0,-206.2,7638
-128.8,-206.2,7647
-128.8,-206.2,7648
-128.8,-206.2,7676
-128.8,-206.2,7678
-128.8,-206.2,7680
-128.8,-206.1,7707
-128.8,-206.1,7708
-128.8,-206.1,7711
-128.8,-206.1,7739
-128.8,-206.1,7740
-128.8,-206.1,7742
-128.8,-206.1,7743
-128.8,-206.1,7772
-128.8,-206.1,7773
-128.8,-206.1,7775
-128.8,-206.0,7804
-128.6,-206.0,7806
-128.6,-206.0,7807
-128.6,-206.0,7835
-128.6,-206.0,7837
-128.6,-206.0,7839
-128.6,-206.0,7866
-128.6,-206.0,7867
-128.6,-206.0,7871
-128.6,-206.0,7898
-128.6,-206.0,7903
-128.6,-205.9,7929
-128.6,-205.9,7930
-128.6,-205.9,7934
-128.6,-205.9,7937
-128.6,-205.9,7960
-128.6,-205.9,7961
-128.6,-205.9,7967
-128.6,-205.9,7970
-128.6,-205.8,7992
-128.6,-205.8,7999
-128.4,-205.9,8023
-128.4,-205.8,8024
-128.4,-205.8,8030
-128.4,-205.8,8031
-128.4,-205.8,8055
-128.4,-205.8,8063
-128.4,-205.8,8064
-128.4,-205.7,8094
-128.4,-205.7,8102
-128.4,-205.7,8126
-128.4,-205.7,8135
-128.4,-205.7,8157
-128.4,-205.7,8158
-128.4,-205.6,8188
-128.4,-205.7,8191
-128.4,-205.6,8220
-128.4,-205.6,8222
-128.2,-205.6,8223
-128.2,-205.6,8251
-128.2,-205.6,8255
-128.2,-205.5,8287
-128.2,-205.5,8335
-128.2,-205.5,8336
-128.2,-205.5,8377
-128.2,-205.5,8383
-128.2,-205.4,8384
-128.2,-205.4,8408
-128.2,-205.4,8409
-128.2,-205.4,8414
-128.2,-205.4,8415
-128.2,-205.4,8417
-128.2,-205.4,8439
-128.2,-205.4,8440
-128.2,-205.4,8446
-128.2,-205.4,8447
-128.2,-205.4,8471
-128.0,-205.4,8478
-128.0,-205.4,8480
-128.0,-205.4,8502
-128.0,-205.3,8503
-128.0,-205.3,8512
-128.0,-205.3,8533
-128.0,-205.3,8542
-128.0,-205.3,8543
-128.0,-205.3,8566
-128.0,-205.3,8567
-128.0,-205.3,8575
-128.0,-205.3,8598
-128.0,-205.2,8600
-128.0,-205.2,8607
-128.0,-205.2,8639
-128.0,-205.2,8672
-128.0,-205.2,8704
-127.8,-205.1,8735
-127.8,-205.1,8736
-127.8,-205.1,8780
-127.8,-205.1,8781
-127.8,-205.1,8782
-127.8,-205.1,8783
-127.8,-205.1,8812
-127.8,-205.1,8814
-127.8,-205.1,8815
-127.8,-205.0,8843
-127.8,-205.0,8847
-127.8,-205.0,8848
-127.8,-205.0,8875
-127.8,-205.0,8879
-127.8,-205.0,8881
-127.8,-205.0,8907
-127.8,-205.0,8910
-127.8,-205.0,8911
-127.8,-205.0,8914
-127.8,-205.0,8939
-127.8,-205.0,8942
-127.6,-205.0,8943
-127.6,-204.9,8947
-127.6,-204.9,8971
-127.6,-204.9,8974
-127.6,-204.9,8975
-127.6,-204.9,8980
-127.6,-204.9,9002
-127.6,-204.9,9007
-127.6,-204.9,9034
-127.6,-204.9,9039
-127.6,-204.9,9066
-127.6,-204.9,9067
-127.6,-204.9,9070
-127.6,-204.9,9097
-127.6,-204.9,9098
-127.6,-204.9,9102
-127.6,-204.9,9103
-127.6,-204.9,9129
-127.6,-204.9,9130
-127.6,-204.9,9135
-127.6,-204.9,9161
-127.6,-204.9,9162
-127.6,-204.8,9163
-127.6,-204.8,9167
-127.6,-204.9,9195
-127.6,-204.8,9199
-127.6,-204.8,9234
-127.6,-204.8,9235
-127.4,-204.8,9266
-127.4,-204.8,9267
-127.4,-204.8,9298
-127.4,-204.7,9335
-127.4,-204.7,9336
-127.4,-204.7,9343
-127.4,-204.7,9344
-127.4,-204.7,9373
-127.4,-204.7,9375
-127.4,-204.7,9377
-127.4,-204.6,9412
-127.4,-204.6,9450
-127.4,-204.6,9451
-127.4,-204.6,9455
-127.4,-204.6,9486
-127.4,-204.6,9487
-127.4,-204.6,9493
-127.4,-204.6,9517
-127.4,-204.6,9518
-127.4,-204.6,9519
-127.4,-204.6,9527
-127.4,-204.6,9549
-127.4,-204.6,9551
-127.4,-204.5,9588
-127.4,-204.5,9589
-127.2,-204.5,9593
-127.2,-204.5,9621
-127.2,-204.5,9622
-127.2,-204.5,9627
-127.2,-204.5,9630
-127.2,-204.5,9653
-127.2,-204.5,9654
-127.2,-204.5,9659
-127.2,-204.5,9663
-127.2,-204.5,9685
-127.2,-204.5,9692
-127.2,-204.5,9695
-127.2,-204.4,9719
-127.2,-204.4,9726
-127.2,-204.4,9750
-127.2,-204.4,9758
-127.2,-204.4,9794
-127.2,-204.4,9825
-127.2,-204.3,9826
-127.0,-204.3,9861
-127.0,-204.3,9862
-127.0,-204.3,9870
-127.0,-204.3,9871
-127.0,-204.3,9899
-127.0,-204.3,9903
-127.0,-204.3,9908
-127.0,-204.3,9943
-127.0,-204.3,9951
-127.0,-204.2,9986
-127.0,-204.2,9991
-127.0,-204.2,10021
-127.0,-204.2,10022
-127.0,-204.2,10024
-127.0,-204.2,10031
-127.0,-204.2,10053
-127.0,-204.2,10057
-127.0,-204.2,10062
-127.0,-204.2,10063
-127.0,-204.2,10085
-127.0,-204.2,10089
-127.0,-204.2,10094
-127.0,-204.2,10118
-127.0,-204.1,10124
-127.0,-204.1,10126
-127.0,-204.1,10150
-127.0,-204.1,10157
-127.0,-204.1,10158
-126.8,-204.1,10159
-126.8,-204.1,10183
-126.8,-204.1,10190
-126.8,-204.1,10215
-126.8,-204.1,10222
-126.8,-204.1,10223
-126.8,-204.1,10247
-126.8,-204.1,10248
-126.8,-204.1,10255
-126.8,-204.0,10256
-126.8,-204.0,10280
-126.8,-204.0,10287
-126.8,-204.0,10289
-126.8,-204.0,10324
-126.8,-204.0,10325
-126.8,-204.0,10334
-126.8,-204.0,10356
-126.8,-204.0,10387
-126.8,-203.9,10389
-126.8,-203.9,10421
-126.8,-203.9,10422
-126.8,-203.9,10430
-126.8,-203.9,10431
-126.8,-204.0,10453
-126.8,-204.0,10454
-126.8,-203.9,10455
-126.8,-203.9,10463
-126.8,-203.9,10485
-126.8,-203.9,10486
-126.8,-203.9,10488
-126.8,-203.9,10494
-126.6,-203.9,10516
-126.6,-203.8,10521
-126.6,-203.9,10548
-126.6,-203.8,10554
-126.6,-203.8,10596
-126.6,-203.8,10597
-126.6,-203.8,10603
-126.6,-203.8,10606
-126.6,-203.8,10633
-126.6,-203.8,10637
-126.6,-203.8,10638
-126.6,-203.8,10639
-126.6,-203.8,10665
-126.6,-203.8,10670
-126.6,-203.8,10671
-126.6,-203.7,10697
-126.6,-203.7,10702
-126.6,-203.7,10703
-126.6,-203.7,10729
-126.6,-203.7,10734
-126.6,-203.7,10736
-126.6,-203.7,10761
-126.6,-203.7,10766
-126.6,-203.7,10767
-126.6,-203.7,10769
-126.6,-203.7,10793
-126.6,-203.7,10799
-126.6,-203.7,10802
-126.6,-203.6,10825
-126.6,-203.6,10830
-126.6,-203.7,10835
-126.6,-203.7,10861
-126.6,-203.7,10862
-126.6,-203.7,10863
-126.6,-203.6,10869
-126.6,-203.6,10894
-126.6,-203.6,10895
-126.4,-203.6,10901
-126.4,-203.6,10925
-126.4,-203.6,10927
-126.4,-203.6,10935
-126.4,-203.6,10961
-126.4,-203.6,10968
-126.4,-203.5,10991
-126.4,-203.5,10992
-126.4,-203.5,11001
-126.4,-203.5,11040
-126.4,-203.5,11041
-126.4,-203.5,11080
-126.4,-203.5,11083
-126.4,-203.5,11086
-126.4,-203.5,11111
-126.4,-203.5,11117
-126.4,-203.5,11118
-126.4,-203.5,11119
-126.4,-203.5,11150
-126.4,-203.5,11151
-126.4,-203.4,11183
-126.4,-203.4,11218
-126.4,-203.4,11249
-126.4,-203.4,11250
-126.4,-203.4,11281
-126.4,-203.4,11282
-126.4,-203.4,11314
-126.2,-203.4,11316
-126.2,-203.4,11346
-126.2,-203.4,11349
-126.2,-203.4,11377
-126.2,-203.4,11382
-126.2,-203.4,11417
-126.2,-203.4,11422
-126.2,-203.4,11423
-126.2,-203.4,11465
-126.2,-203.4,11466
-126.2,-203.4,11469
-126.2,-203.4,11470
-126.2,-203.4,11513
-126.2,-203.4,11514
-126.2,-203.4,11518
-126.2,-203.4,11555
-126.2,-203.3,11556
-126.2,-203.3,11565
-126.2,-203.3,11595
-126.2,-203.3,11596
-126.2,-203.3,11597
-126.2,-203.3,11598
-126.2,-203.3,11599
-126.2,-203.3,11628
-126.2,-203.3,11629
-126.2,-203.3,11630
-126.2,-203.3,11675
-126.2,-203.3,11676
-126.2,-203.3,11678
-126.2,-203.3,11679
-126.2,-203.3,11680
-126.2,-203.2,11711
-126.2,-203.2,11714
-126.2,-203.2,11745
-126.0,-203.2,11747
-126.0,-203.2,11784
-126.0,-203.2,11785
-126.0,-203.2,11791
-126.0,-203.2,11820
-126.0,-203.2,11821
-126.0,-203.2,11822
-126.0,-203.2,11829
-126.0,-203.1,11858
-126.0,-203.1,11859
-126.0,-203.2,11862
-126.0,-203.2,11891
-126.0,-203.1,11896
-126.0,-203.1,11923
-126.0,-203.1,11929
-126.0,-203.1,11954
-126.0,-203.1,11962
-126.0,-203.1,11985
-126.0,-203.1,11986
-126.0,-203.1,11995
-126.0,-203.1,12018
-126.0,-203.1,12049
-126.0,-203.1,12050
-126.0,-203.1,12080
-126.0,-203.0,12081
-126.0,-203.0,12111
-126.0,-203.0,12142
-126.0,-203.0,12143
-126.0,-203.0,12144
-126.0,-203.0,12173
-125.8,-203.0,12174
-125.8,-203.0,12177
-125.8,-203.0,12205
-125.8,-203.0,12206
-125.8,-203.0,12211
-125.8,-203.0,12243
-125.8,-202.9,12244
-125.8,-203.0,12274
-125.8,-203.0,12275
-125.8,-202.9,12277
-125.8,-202.9,12307
-125.8,-202.9,12308
-125.8,-203.0,12310
-125.8,-202.9,12339
-125.8,-202.9,12343
-125.8,-202.9,12381
-125.8,-202.9,12382
-125.8,-202.9,12413
-125.8,-202.9,12414
-125.8,-202.9,12449
-125.8,-202.8,12458
-125.8,-202.8,12482
-125.8,-202.8,12513
-125.8,-202.8,12514
-125.8,-202.8,12545
-125.8,-202.8,12546
-125.8,-202.8,12577
-125.8,-202.8,12578
-125.8,-202.8,12609
-125.8,-202.8,12640
-125.8,-202.8,12642
-125.8,-202.8,12679
-125.6,-202.8,12685
-125.6,-202.7,12711
-125.6,-202.7,12717
-125.6,-202.7,12743
-125.6,-202.7,12744
-125.6,-202.7,12750
-125.6,-202.7,12776
-125.6,-202.7,12782
-125.6,-202.7,12808
-125.6,-202.7,12814
-125.6,-202.7,12815
-125.6,-202.7,12843
-125.6,-202.7,12846
-125.6,-202.7,12878
-125.6,-202.7,12917
-125.6,-202.7,12923
-125.6,-202.7,12925
-125.6,-202.7,12926
-125.6,-202.6,12952
-125.6,-202.6,12956
-125.6,-202.6,12957
-125.6,-202.6,12983
-125.6,-202.6,12989
-125.6,-202.6,12990
-125.6,-202.6,13015
-125.6,-202.6,13022
-125.6,-202.6,13023
-125.6,-202.6,13047
-125.6,-202.6,13048
-125.6,-202.6,13054
-125.6,-202.6,13055
-125.6,-202.5,13081
-125.6,-202.5,13086
-125.6,-202.6,13088
-125.6,-202.5,13113
-125.6,-202.5,13118
-125.6,-202.5,13121
-125.6,-202.6,13145
-125.6,-202.6,13150
-125.6,-202.5,13176
-125.6,-202.5,13177
-125.6,-202.5,13181
-125.6,-202.5,13182
-125.6,-202.5,13183
-125.6,-202.5,13213
-125.6,-202.5,13214
-125.4,-202.5,13221
-125.4,-202.5,13249
-125.4,-202.5,13254
-125.4,-202.5,13289
-125.4,-202.5,13290
-125.4,-202.5,13293
-125.4,-202.5,13321
-125.4,-202.5,13326
-125.4,-202.5,13354
-125.4,-202.4,13358
-125.4,-202.4,13387
-125.4,-202.4,13389
-125.4,-202.4,13419
-125.4,-202.4,13422
-125.4,-202.4,13451
-125.4,-202.4,13453
-125.4,-202.4,13454
-125.4,-202.4,13493
-125.4,-202.4,13501
-125.4,-202.4,13502
-125.4,-202.4,13503
-125.4,-202.4,13529
-125.4,-202.4,13534
-125.4,-202.4,13536
-125.4,-202.4,13561
-125.4,-202.4,13562
-125.4,-202.4,13565
-125.4,-202.4,13566
-125.4,-202.3,13569
-125.4,-202.4,13595
-125.4,-202.4,13597
-125.4,-202.4,13598
-125.4,-202.4,13602
-125.4,-202.3,13632
-125.4,-202.3,13635
-125.4,-202.3,13664
-125.4,-202.3,13669
-125.4,-202.3,13695
-125.4,-202.3,13696
-125.4,-202.3,13701
-125.4,-202.3,13727
-125.4,-202.3,13734
-125.4,-202.3,13759
-125.4,-202.3,13760
-125.2,-202.3,13768
-125.2,-202.3,13790
-125.2,-202.3,13791
-125.2,-202.3,13822
-125.2,-202.3,13823
-125.2,-202.3,13855
-125.2,-202.3,13886
-125.2,-202.2,13918
-125.2,-202.2,13949
-125.2,-202.2,13979
-125.2,-202.2,13980
-125.2,-202.2,13982
-125.2,-202.2,13983
-125.2,-202.2,14014
-125.2,-202.2,14017
-125.2,-202.2,14046
-125.2,-202.2,14050
-125.2,-202.2,14077
-125.2,-202.2,14078
-125.2,-202.2,14083
-125.2,-202.2,14120
-125.2,-202.1,14125
-125.2,-202.2,14159
-125.2,-202.1,14165
-125.2,-202.1,14190
-125.2,-202.1,14199
-125.2,-202.1,14222
-125.2,-202.1,14231
-125.2,-202.1,14254
-125.2,-202.1,14289
-125.2,-202.1,14290
-125.2,-202.1,14298
-125.2,-202.1,14321
-125.2,-202.1,14356
-125.2,-202.0,14357
-125.0,-202.1,14364
-125.0,-202.1,14365
-125.0,-202.1,14387
-125.0,-202.0,14397
-125.0,-202.0,14419
-125.0,-202.0,14450
-125.0,-202.0,14451
-125.0,-202.0,14482
-125.0,-202.0,14513
-125.0,-202.0,14545
-125.0,-202.0,14546
-125.0,-202.0,14578
-125.0,-202.0,14579
-125.0,-201.9,14616
-125.0,-202.0,14617
-125.0,-202.0,14621
-125.0,-201.9,14652
-125.0,-201.9,14653
-125.0,-201.9,14684
-125.0,-202.0,14685
-125.0,-202.0,14686
-125.0,-201.9,14721
-125.0,-201.9,14729
-125.0,-201.9,14752
-125.0,-201.9,14753
-125.0,-201.9,14762
-125.0,-201.9,14792
-125.0,-201.9,14793
-125.0,-201.9,14795
-125.0,-201.9,14797
-125.0,-201.9,14798
-125.0,-201.9,14830
-125.0,-201.9,14831
-125.0,-201.9,14861
-125.0,-201.9,14862
-125.0,-201.9,14894
-125.0,-201.8,14927
-125.0,-201.9,14928
-125.0,-201.9,14929
-125.0,-201.9,14960
-125.0,-201.8,14961
-125.0,-201.8,14992
-125.0,-201.8,14993
-125.0,-201.8,14994
-125.0,-201.8,15026
-125.0,-201.8,15027
-125.0,-201.8,15058
-125.0,-201.8,15059
-125.0,-201.8,15060
-125.0,-201.8,15098
-125.0,-201.8,15099
-124.8,-201.8,15102
-124.8,-201.8,15146
-124.8,-201.8,15147
-124.8,-201.8,15149
-124.8,-201.8,15178
-124.8,-201.8,15179
-124.8,-201.8,15181
-124.8,-201.8,15210
-124.8,-201.8,15211
-124.8,-201.8,15213
-124.8,-201.8,15214
-124.8,-201.8,15244
-124.8,-201.8,15245
-124.8,-201.8,15277
-124.8,-201.8,15308
-124.8,-201.8,15309
-124.8,-201.8,15339
-124.8,-201.8,15340
-124.8,-201.8,15341
-124.8,-201.8,15342
-124.8,-201.8,15374
-124.8,-201.8,15407
-124.8,-201.8,15438
-124.8,-201.8,15441
-124.8,-201.8,15476
-124.8,-201.8,15477
-124.8,-201.8,15485
-124.8,-201.8,15486
-124.8,-201.8,15510
-124.8,-201.8,15517
-124.8,-201.8,15542
-124.8,-201.8,15549
-124.8,-201.8,15573
-124.8,-201.7,15574
-124.8,-201.7,15581
-124.8,-201.7,15605
-124.8,-201.7,15606
-124.8,-201.7,15607
-124.8,-201.7,15613
-124.8,-201.7,15637
-124.8,-201.7,15638
-124.8,-201.7,15640
-124.8,-201.7,15645
-124.8,-201.7,15646
-124.8,-201.7,15679
-124.8,-201.8,15680
-124.8,-201.7,15714
-124.8,-201.7,15723
-124.8,-201.7,15745
-124.8,-201.7,15746
-124.8,-201.7,15776
-124.8,-201.7,15777
-124.8,-201.7,15808
-124.8,-201.7,15809
-124.8,-201.7,15840
-124.8,-201.7,15841
-124.6,-201.7,15871
-124.6,-201.7,15906
-124.6,-201.6,15938
-124.6,-201.6,15939
-124.6,-201.6,15971
-124.6,-201.6,15972
-124.6,-201.6,15981
-124.6,-201.6,16011
-124.6,-201.6,16012
-124.6,-201.6,16013
-124.6,-201.6,16021
-124.6,-201.6,16044
-124.6,-201.6,16046
-124.6,-201.6,16076
-124.6,-201.6,16077
-124.6,-201.6,16107
-124.6,-201.6,16109
-124.6,-201.6,16137
-124.6,-201.6,16138
-124.6,-201.6,16141
-124.6,-201.6,16182
-124.6,-201.6,16183
-124.6,-201.6,16187
-124.6,-201.6,16188
-124.6,-201.6,16190
-124.6,-201.6,16214
-124.6,-201.6,16220
-124.6,-201.6,16221
-124.6,-201.6,16222
-124.6,-201.6,16247
-124.6,-201.6,16248
-124.6,-201.6,16252
-124.6,-201.5,16279
-124.6,-201.5,16284
-124.6,-201.5,16285
-124.6,-201.6,16286
-124.6,-201.5,16310
-124.6,-201.5,16317
-124.6,-201.5,16320
-124.6,-201.5,16346
-124.6,-201.5,16348
-124.6,-201.5,16352
-124.6,-201.5,16384
-124.6,-201.5,16386
-124.6,-201.5,16416
-124.6,-201.5,16417
-124.6,-201.5,16419
-124.6,-201.5,16448
-124.6,-201.5,16452
-124.6,-201.5,16486
-124.6,-201.5,16487
-124.6,-201.5,16492
-124.6,-201.5,16493
-124.6,-201.5,16518
-124.6,-201.5,16525
-124.6,-201.5,16550
-124.6,-201.5,16551
-124.6,-201.5,16557
-124.6,-201.5,16587
-124.6,-201.5,16588
-124.6,-201.5,16619
-124.6,-201.5,16621
-124.6,-201.4,16650
-124.6,-201.5,16653
-124.6,-201.4,16682
-124.6,-201.5,16683
-124.6,-201.5,16685
-124.6,-201.4,16713
-124.6,-201.4,16714
-124.6,-201.4,16716
-124.6,-201.4,16717
-124.6,-201.4,16747
-124.6,-201.4,16749
-124.6,-201.5,16779
-124.6,-201.5,16780
-124.6,-201.4,16783
-124.6,-201.4,16810
-124.6,-201.4,16811
-124.6,-201.4,16813
-124.6,-201.4,16815
-124.6,-201.4,16843
-124.6,-201.4,16844
-124.6,-201.4,16849
-124.6,-201.4,16875
-124.6,-201.4,16877
-124.6,-201.4,16878
-124.6,-201.4,16883
-124.6,-201.4,16908
-124.6,-201.4,16909
-124.6,-201.4,16916
-124.6,-201.4,16942
-124.6,-201.4,16948
-124.6,-201.4,16974
-124.6,-201.4,16975
-124.6,-201.4,16982
-124.6,-201.4,17006
-124.6,-201.3,17014
-124.6,-201.3,17041
-124.6,-201.4,17048
-124.6,-201.3,17079
-124.6,-201.3,17080
-124.6,-201.3,17081
-124.6,-201.3,17084
-124.6,-201.3,17085
-124.6,-201.4,17118
-124.6,-201.3,17159
-124.6,-201.3,17164
-124.6,-201.3,17165
-124.6,-201.3,17166
-124.6,-201.4,17195
-124.6,-201.4,17197
-124.6,-201.4,17226
-124.6,-201.4,17227
-124.6,-201.4,17229
-124.6,-201.3,17230
-124.6,-201.3,17258
-124.6,-201.3,17261
-124.6,-201.3,17264
-124.6,-201.3,17302
-124.6,-201.3,17303
-124.6,-201.3,17309
-124.6,-201.3,17333
-124.6,-201.3,17334
-124.6,-201.3,17341
-124.6,-201.4,17365
-124.6,-201.3,17372
-124.6,-201.3,17373
-124.6,-201.3,17397
-124.6,-201.3,17405
-124.4,-201.3,17433
-124.4,-201.3,17436
-124.4,-201.3,17437
-124.4,-201.3,17471
-124.4,-201.3,17472
-124.4,-201.2,17479
-124.4,-201.3,17502
-124.4,-201.3,17503
-124.4,-201.3,17512
-124.4,-201.3,17539
-124.4,-201.2,17545
-124.4,-201.2,17548
-124.4,-201.3,17572
-124.4,-201.3,17578
-124.4,-201.3,17580
-124.4,-201.3,17581
-124.4,-201.2,17604
-124.4,-201.2,17605
-124.4,-201.2,17611
-124.4,-201.2,17613
-124.4,-201.2,17636
-124.4,-201.3,17644
-124.4,-201.3,17645
-124.4,-201.2,17670
-124.4,-201.2,17671
-124.4,-201.2,17676
-124.4,-201.2,17677
-124.4,-201.2,17678
-124.4,-201.2,17703
-124.4,-201.2,17709
-124.4,-201.2,17710
-124.4,-201.2,17735
-124.4,-201.2,17740
-124.4,-201.2,17741
-124.4,-201.2,17744
-124.4,-201.2,17766
-124.4,-201.2,17772
-124.4,-201.2,17773
-124.4,-201.2,17797
-124.4,-201.2,17804
-124.4,-201.2,17805
-124.4,-201.2,17829
-124.4,-201.2,17836
-124.4,-201.2,17837
-124.4,-201.2,17866
-124.4,-201.2,17868
-124.4,-201.2,17869
-124.4,-201.2,17898
-124.4,-201.2,17901
-124.4,-201.2,17930
-124.4,-201.2,17932
-124.4,-201.2,17933
-124.4,-201.2,17962
-124.2,-201.2,17965
-124.2,-201.2,17994
-124.2,-201.2,17997
-124.2,-201.2,18027
-124.2,-201.2,18028
-124.2,-201.2,18029
-124.2,-201.2,18059
-124.2,-201.1,18060
-124.2,-201.1,18091
-124.2,-201.2,18092
-124.2,-201.1,18123
-124.2,-201.1,18124
-124.2,-201.1,18154
-124.2,-201.1,18155
-124.2,-201.1,18157
-124.2,-201.1,18158
-124.2,-201.1,18187
-124.2,-201.1,18188
-124.2,-201.1,18191
-124.2,-201.2,18219
-124.2,-201.2,18220
-124.2,-201.1,18224
-124.2,-201.1,18255
-124.2,-201.1,18258
-124.2,-201.1,18287
-124.2,-201.1,18291
-124.2,-201.1,18322
-124.2,-201.1,18323
-124.2,-201.1,18358
-124.2,-201.1,18365
-124.2,-201.1,18389
-124.2,-201.1,18390
-124.2,-201.1,18397
-124.2,-201.1,18421
-124.2,-201.1,18422
-124.2,-201.1,18423
-124.2,-201.1,18429
-124.2,-201.1,18460
-124.2,-201.1,18492
-124.2,-201.1,18523
-124.2,-201.1,18524
-124.2,-201.1,18525
-124.2,-201.1,18556
-124.2,-201.1,18557
-124.2,-201.0,18588
-124.2,-201.0,18628
-124.2,-201.0,18636
-124.2,-201.0,18637
-124.2,-201.0,18659
-124.2,-201.0,18668
-124.2,-201.0,18690
-124.2,-201.1,18691
-124.2,-201.1,18700
-124.2,-201.1,18701
-124.2,-201.0,18724
-124.2,-201.1,18725
-124.2,-201.1,18732
-124.2,-201.0,18765
-124.2,-201.0,18771
-124.2,-201.0,18813
-124.2,-201.0,18814
-124.2,-201.0,18815
-124.2,-201.0,18821
-124.2,-201.0,18850
-124.2,-201.0,18851
-124.2,-201.0,18853
-124.2,-201.0,18860
-124.2,-201.0,18861
-124.2,-201.0,18883
-124.2,-201.0,18887
-124.2,-201.0,18914
-124.2,-201.0,18915
-124.2,-201.0,18920
-124.2,-201.0,18924
-124.2,-201.0,18925
-124.2,-201.0,18949
-124.2,-201.0,18950
-124.2,-201.0,18953
-124.2,-201.0,18956
-124.2,-201.0,18957
-124.2,-201.0,18982
-124.2,-201.0,18987
-124.2,-201.0,18988
-124.2,-201.0,19013
-124.2,-200.9,19019
-124.2,-200.9,19020
-124.2,-200.9,19021
-124.2,-201.0,19052
-124.2,-201.0,19053
-124.2,-201.0,19086
-124.2,-200.9,19087
-124.2,-201.0,19118
-124.2,-201.0,19151
-124.2,-200.9,19152
-124.2,-201.0,19188
-124.2,-200.9,19189
-124.2,-200.9,19196
-124.2,-200.9,19220
-124.2,-200.9,19228
-124.2,-200.9,19229
-124.2,-200.9,19256
-124.2,-200.9,19257
-124.2,-200.9,19260
-124.2,-200.9,19288
-124.2,-201.0,19289
-124.2,-201.0,19292
-124.2,-201.0,19293
-124.2,-200.9,19323
-124.2,-200.9,19324
-124.2,-200.9,19325
-124.2,-200.9,19357
-124.2,-200.9,19358
-124.2,-200.9,19367
-124.2,-200.9,19391
-124.2,-200.9,19401
-124.2,-200.9,19433
-124.2,-200.9,19434
-124.2,-200.9,19436
-124.2,-200.9,19437
-124.2,-200.9,19482
-124.2,-200.9,19483
-124.2,-200.9,19484
-124.2,-200.9,19515
-124.2,-200.9,19516
-124.2,-200.9,19555
-124.2,-200.8,19556
-124.2,-200.8,19564
-124.2,-200.8,19565
-124.0,-200.9,19588
-124.0,-200.9,19596
-124.0,-200.9,19597
-124.0,-200.9,19621
-124.0,-200.9,19628
-124.0,-200.9,19629
-124.0,-200.9,19659
-124.0,-200.9,19660
-124.0,-200.9,19665
-124.0,-200.9,19693
-124.0,-200.9,19699
-124.0,-200.9,19729
-124.0,-200.9,19731
-124.0,-200.9,19763
-124.0,-200.9,19764
-124.0,-200.8,19765
-124.0,-200.8,19772
-124.0,-200.8,19798
-124.0,-200.9,19804
-124.0,-200.8,19844
-124.0,-200.8,19848
-124.0,-200.8,19851
-124.0,-200.8,19852
-124.0,-200.8,19878
-124.0,-200.8,19881
-124.0,-200.8,19884
-124.0,-200.8,19910
-124.0,-200.8,19913
-124.0,-200.8,19916
-124.0,-200.8,19943
-124.0,-200.8,19947
-124.0,-200.8,19948
-124.0,-200.8,19976
-124.0,-200.8,19977
-124.0,-200.8,19980
-124.0,-200.8,19981
-124.0,-200.8,20017
-124.0,-200.8,20018
-124.0,-200.8,20049
-124.0,-200.8,20088
-124.0,-200.8,20092
-124.0,-200.8,20097
-124.0,-200.8,20120
-124.0,-200.8,20124
-124.0,-200.8,20130
-124.0,-200.8,20153
-124.0,-200.8,20156
-124.0,-200.8,20162
-124.0,-200.8,20184
-124.0,-200.8,20185
-124.0,-200.8,20188
-124.0,-200.8,20223
-124.0,-200.8,20229
-124.0,-200.8,20254
-124.0,-200.8,20262
-124.0,-200.8,20289
-123.8,-200.7,20295
-123.8,-200.8,20321
-123.8,-200.7,20328
-123.8,-200.7,20352
-123.8,-200.7,20362
-123.8,-200.8,20383
-123.8,-200.8,20384
-123.8,-200.8,20416
-124.0,-200.7,20417
-124.0,-200.7,20453
-124.0,-200.7,20454
-124.0,-200.7,20460
-124.0,-200.7,20486
-124.0,-200.7,20492
-123.8,-200.7,20493
-123.8,-200.7,20517
-123.8,-200.7,20518
-123.8,-200.7,20524
-123.8,-200.7,20526
-123.8,-200.7,20549
-123.8,-200.7,20550
-123.8,-200.7,20556
-123.8,-200.7,20580
-123.8,-200.7,20581
-123.8,-200.7,20588
-123.8,-200.7,20613
-123.8,-200.7,20620
-123.8,-200.7,20659
-123.8,-200.7,20660
-123.8,-200.7,20668
-123.8,-200.7,20692
-123.8,-200.7,20693
-123.8,-200.7,20700
-123.8,-200.7,20730
-123.8,-200.7,20732
-123.8,-200.7,20765
-123.8,-200.7,20795
-123.8,-200.7,20827
-123.8,-200.7,20862
-123.8,-200.7,20903
-123.8,-200.7,20908
-123.8,-200.7,20934
-123.8,-200.7,20935
-123.8,-200.7,20939
-123.8,-200.7,20940
-123.8,-200.7,20967
-123.8,-200.7,20972
-123.8,-200.7,20974
-123.8,-200.7,21003
-123.8,-200.7,21004
-123.8,-200.7,21007
-123.8,-200.7,21035
-123.8,-200.7,21036
-123.8,-200.6,21040
-123.8,-200.7,21067
-123.8,-200.7,21068
-123.8,-200.6,21074
-123.8,-200.6,21098
-123.8,-200.6,21099
-123.8,-200.6,21100
-123.8,-200.6,21106
-123.8,-200.6,21135
-123.8,-200.7,21140
-123.8,-200.7,21177
-123.8,-200.6,21180
-123.8,-200.6,21222
-123.8,-200.6,21228
-123.8,-200.6,21255
-123.8,-200.6,21256
-123.8,-200.6,21260
-123.8,-200.6,21287
-123.8,-200.6,21289
-123.8,-200.6,21292
-123.8,-200.6,21327
-123.8,-200.6,21328
-123.8,-200.6,21360
-123.8,-200.6,21391
-123.8,-200.6,21422
-123.8,-200.6,21423
-123.8,-200.6,21455
-123.8,-200.6,21486
-123.8,-200.6,21488
-123.8,-200.6,21517
-123.8,-200.6,21518
-123.8,-200.6,21520
-123.8,-200.6,21548
-123.8,-200.6,21549
-123.8,-200.6,21553
-123.8,-200.6,21582
-123.8,-200.6,21588
-123.8,-200.6,21617
-123.8,-200.6,21620
-123.8,-200.6,21657
-123.8,-200.6,21660
-123.8,-200.6,21695
-123.8,-200.5,21703
-123.8,-200.6,21737
-123.8,-200.6,21738
-123.8,-200.6,21740
-123.8,-200.5,21769
-123.8,-200.6,21770
-123.8,-200.6,21771
-123.8,-200.5,21805
-123.8,-200.5,21853
-123.8,-200.5,21885
-123.8,-200.6,21886
-123.8,-200.5,21917
-123.8,-200.6,21918
-123.8,-200.6,21950
-123.8,-200.6,21951
-123.8,-200.5,21983
-123.8,-200.5,21984
-123.8,-200.5,22015
-123.8,-200.5,22016
-123.8,-200.5,22018
-123.8,-200.5,22047
-123.8,-200.5,22051
-123.8,-200.5,22079
-123.8,-200.5,22084
-123.8,-200.5,22110
-123.6,-200.5,22116
-123.6,-200.5,22144
-123.6,-200.5,22145
-123.6,-200.5,22151
-123.6,-200.5,22176
-123.6,-200.5,22183
-123.6,-200.5,22208
-123.6,-200.5,22209
-123.6,-200.5,22217
-123.6,-200.5,22246
-123.6,-200.5,22250
-123.6,-200.5,22251
-123.6,-200.5,22252
-123.6,-200.5,22281
-123.6,-200.5,22283
-123.6,-200.5,22284
-123.6,-200.5,22313
-123.6,-200.5,22316
-123.6,-200.5,22345
-123.6,-200.5,22348
-123.6,-200.5,22349
-123.6,-200.4,22379
-123.6,-200.5,22382
-123.6,-200.5,22411
-123.6,-200.5,22412
-123.6,-200.5,22415
-123.6,-200.4,22443
-123.6,-200.4,22444
-123.6,-200.5,22449
-123.6,-200.5,22475
-123.6,-200.5,22481
-123.6,-200.4,22507
-123.6,-200.4,22514
-123.6,-200.4,22540
-123.6,-200.5,22548
-123.6,-200.4,22571
-123.6,-200.4,22581
-123.6,-200.4,22605
-123.6,-200.4,22606
-123.6,-200.5,22614
-123.6,-200.4,22638
-123.6,-200.4,22647
-123.6,-200.5,22671
-123.6,-200.4,22680
-123.6,-200.4,22706
-123.6,-200.5,22714
-123.6,-200.5,22715
-123.6,-200.4,22738
-123.6,-200.4,22746
-123.6,-200.4,22747
-123.6,-200.4,22771
-123.6,-200.4,22779
-123.6,-200.4,22780
-123.6,-200.4,22804
-123.6,-200.4,22805
-123.6,-200.4,22812
-123.6,-200.4,22850
-123.6,-200.4,22859
-123.6,-200.4,22882
-123.6,-200.4,22892
-123.6,-200.4,22918
-123.6,-200.4,22919
-123.6,-200.4,22923
-123.6,-200.4,22928
-123.6,-200.4,22950
-123.6,-200.4,22955
-123.6,-200.4,22982
-123.6,-200.4,22983
-123.6,-200.4,22988
-123.6,-200.4,23015
-123.6,-200.4,23020
-123.6,-200.4,23047
-123.6,-200.4,23052
-123.6,-200.4,23084
-123.6,-200.4,23115
-123.6,-200.4,23116
-123.6,-200.4,23147
-123.6,-200.4,23148
-123.6,-200.4,23179
-123.6,-200.4,23180
-123.6,-200.4,23226
-123.6,-200.4,23227
-123.6,-200.4,23228
-123.6,-200.4,23257
-123.6,-200.4,23259
-123.6,-200.4,23260
-123.6,-200.4,23288
-123.6,-200.4,23291
-123.6,-200.4,23293
-123.6,-200.4,23319
-123.6,-200.4,23320
-123.6,-200.4,23323
-123.6,-200.4,23327
-123.6,-200.3,23351
-123.6,-200.3,23355
-123.6,-200.4,23360
-123.6,-200.4,23387
-123.6,-200.4,23388
-123.6,-200.3,23393
-123.6,-200.3,23418
-123.6,-200.3,23419
-123.6,-200.4,23426
-123.6,-200.3,23450
-123.6,-200.3,23451
-123.6,-200.3,23452
-123.6,-200.4,23459
-123.6,-200.3,23482
-123.6,-200.3,23483
-123.6,-200.3,23484
-123.6,-200.3,23492
-123.6,-200.4,23514
-123.6,-200.4,23516
-123.6,-200.4,23546
-123.6,-200.3,23547
-123.6,-200.3,23548
-123.6,-200.4,23578
-123.6,-200.3,23579
-123.6,-200.3,23612
-123.6,-200.4,23644
-123.6,-200.3,23645
-123.6,-200.3,23677
-123.6,-200.3,23678
-123.6,-200.3,23709
-123.6,-200.3,23710
-123.6,-200.3,23741
-123.6,-200.3,23742
-123.6,-200.3,23773
-123.6,-200.3,23774
-123.6,-200.3,23805
-123.6,-200.3,23806
-123.6,-200.3,23837
-123.4,-200.3,23840
-123.4,-200.3,23878
-123.4,-200.3,23879
-123.4,-200.3,23883
-123.4,-200.3,23884
-123.4,-200.3,23922
-123.4,-200.3,23930
-123.4,-200.3,23931
-123.4,-200.3,23970
-123.4,-200.3,23973
